id,first_name,last_name,email,gender,ip_address
1,Saul,Seifenmacher,sseifenmacher0@printfriendly.com,Male,152.89.124.88
2,Audrey,Ferrucci,aferrucci1@cornell.edu,Polygender,95.202.87.168
3,Aviva,Dunster,adunster2@xinhuanet.com,Female,222.162.128.39
4,Richmound,Gregory,rgregory3@cocolog-nifty.com,Male,32.87.252.159
5,Ara,Gitting,agitting4@ehow.com,Male,106.221.214.19
6,Lee,Otterwell,lotterwell5@mtv.com,Male,221.122.116.21
7,Enid,Boram,eboram6@google.es,Female,233.186.113.127
8,Dorie,Geldert,dgeldert7@yellowpages.com,Male,9.174.67.45
9,Brok,Llopis,bllopis8@unblog.fr,Male,8.128.17.115
10,Damara,Doumerque,ddoumerque9@oakley.com,Female,225.174.191.85
11,Corinne,Giamitti,cgiamittia@stanford.edu,Female,107.127.56.88
12,Isidro,Docket,idocketb@princeton.edu,Male,223.113.135.193
13,Cullin,Kunkler,ckunklerc@samsung.com,Male,146.118.33.159
14,Boonie,Dudley,bdudleyd@tamu.edu,Male,101.161.124.239
15,Kacie,Burds,kburdse@dion.ne.jp,Female,176.126.78.201
16,Linc,Chesher,lchesherf@hugedomains.com,Male,66.112.197.97
17,Kristofor,Harkes,kharkesg@discovery.com,Male,25.180.231.22
18,Tine,Stoaks,tstoaksh@youku.com,Female,193.98.255.229
19,D'arcy,Bottleson,dbottlesoni@gmpg.org,Male,253.7.241.58
20,Farr,Pilcher,fpilcherj@dmoz.org,Male,13.163.95.91
21,Leonid,Murrill,lmurrillk@nhs.uk,Male,45.114.197.52
22,Izzy,Pimme,ipimmel@rediff.com,Male,252.14.17.108
23,Cosmo,Fairburn,cfairburnm@skype.com,Male,190.37.230.1
24,Matty,Safe,msafen@un.org,Male,156.81.12.207
25,Julia,Kroon,jkroono@facebook.com,Female,83.130.64.166
26,Patty,Bellefant,pbellefantp@clickbank.net,Female,42.199.90.34
27,Lulita,Whistan,lwhistanq@digg.com,Female,204.249.38.106
28,Talia,Hanaford,thanafordr@wufoo.com,Female,41.42.74.86
29,Brocky,McQueen,bmcqueens@webeden.co.uk,Male,170.177.189.97
30,Algernon,Doyley,adoyleyt@arizona.edu,Male,213.33.112.236
31,Julianne,Hogsden,jhogsdenu@cnbc.com,Female,243.3.45.60
32,Zeke,Clemson,zclemsonv@ameblo.jp,Male,200.142.213.86
33,Tabby,Braune,tbraunew@plala.or.jp,Male,70.157.231.225
34,Mickey,Varley,mvarleyx@hibu.com,Male,1.216.46.15
35,Zed,Blackham,zblackhamy@dailymotion.com,Agender,132.216.225.198
36,Hilton,Iannini,hianniniz@oaic.gov.au,Male,70.245.153.86
37,Fulvia,Gaitskill,fgaitskill10@ifeng.com,Female,140.231.195.24
38,Nicko,Piers,npiers11@indiatimes.com,Male,223.213.196.89
39,Sibby,Sagar,ssagar12@ustream.tv,Genderfluid,14.172.37.189
40,Hasty,Otridge,hotridge13@reddit.com,Male,1.200.207.58
41,Somerset,Manssuer,smanssuer14@altervista.org,Male,249.59.95.212
42,Ofilia,Schollick,oschollick15@umich.edu,Female,84.241.132.71
43,Shell,Forrington,sforrington16@friendfeed.com,Female,139.38.250.215
44,Wanda,Verbeek,wverbeek17@w3.org,Female,199.156.173.236
45,Malissia,Imlaw,mimlaw18@umn.edu,Polygender,151.184.72.235
46,Aimee,Richardes,arichardes19@bing.com,Non-binary,23.176.71.35
47,Cal,Phillipps,cphillipps1a@wsj.com,Genderfluid,211.216.90.228
48,Rosy,Hunnisett,rhunnisett1b@scientificamerican.com,Female,165.90.228.16
49,Genvieve,Latore,glatore1c@paypal.com,Female,190.158.142.211
50,Thomasin,Varvell,tvarvell1d@google.com,Female,242.61.230.176
51,Frederica,Davydzenko,fdavydzenko1e@phpbb.com,Female,5.104.216.21
52,Darla,Guillain,dguillain1f@biglobe.ne.jp,Female,226.21.14.222
53,Marigold,Pumfrett,mpumfrett1g@wsj.com,Female,180.213.187.160
54,Gretel,Baudrey,gbaudrey1h@1und1.de,Female,243.117.147.168
55,Tilda,Kegan,tkegan1i@amazon.co.jp,Female,78.108.21.10
56,Malachi,Zannotelli,mzannotelli1j@constantcontact.com,Genderqueer,29.148.24.8
57,Willetta,Redmile,wredmile1k@cam.ac.uk,Female,168.242.231.186
58,Patsy,Burditt,pburditt1l@storify.com,Female,155.16.80.244
59,Hynda,Chellenham,hchellenham1m@is.gd,Female,38.217.21.118
60,Zorina,Gaine of England,zgaineofengland1n@dyndns.org,Female,172.127.93.211
61,Jannelle,Janovsky,jjanovsky1o@ustream.tv,Non-binary,31.16.156.94
62,Rossie,Mauchlen,rmauchlen1p@spiegel.de,Male,167.198.200.251
63,Evie,Iddenden,eiddenden1q@fda.gov,Female,28.65.85.141
64,Dehlia,Trenbey,dtrenbey1r@bbb.org,Female,62.190.32.105
65,Banky,Ransley,bransley1s@amazonaws.com,Bigender,158.82.196.76
66,Myrtie,Tonnesen,mtonnesen1t@imageshack.us,Female,210.112.44.231
67,Regan,Darch,rdarch1u@printfriendly.com,Male,85.96.29.243
68,Luigi,Boissieux,lboissieux1v@mashable.com,Male,79.53.162.250
69,Davina,Greeno,dgreeno1w@hc360.com,Female,47.123.250.121
70,Genna,Tomblin,gtomblin1x@taobao.com,Female,72.67.186.181
71,Nertie,Bremmell,nbremmell1y@stanford.edu,Female,54.22.62.68
72,Carmen,Balogun,cbalogun1z@instagram.com,Female,116.205.102.49
73,Belvia,Domenici,bdomenici20@mail.ru,Female,45.74.33.230
74,Edi,Kleinsmuntz,ekleinsmuntz21@slideshare.net,Agender,78.179.94.167
75,Bil,Inkpen,binkpen22@economist.com,Male,60.8.41.22
76,Sheila-kathryn,Mockler,smockler23@phpbb.com,Female,75.143.138.7
77,Alfreda,Tailby,atailby24@mac.com,Non-binary,153.240.177.83
78,Dina,Bidwell,dbidwell25@cnn.com,Female,244.164.117.132
79,Cary,Saffer,csaffer26@devhub.com,Male,166.60.123.13
80,Susanetta,Amps,samps27@constantcontact.com,Female,207.120.133.244
81,Jaimie,Iacopini,jiacopini28@mediafire.com,Male,137.207.128.245
82,Kennan,Owers,kowers29@go.com,Male,177.164.170.184
83,Geralda,Hulett,ghulett2a@telegraph.co.uk,Bigender,118.17.56.239
84,Graehme,Barlee,gbarlee2b@ustream.tv,Male,171.98.174.67
85,Bourke,Haskett,bhaskett2c@newyorker.com,Male,11.60.194.152
86,Louella,Devinn,ldevinn2d@tinypic.com,Female,242.76.140.245
87,Aristotle,Bover,abover2e@de.vu,Male,197.50.207.197
88,Justis,Lynas,jlynas2f@technorati.com,Male,188.106.248.155
89,Shelia,Chivrall,schivrall2g@hhs.gov,Female,90.6.243.80
90,Virgilio,Napper,vnapper2h@exblog.jp,Male,137.122.49.214
91,Barnie,Saintsbury,bsaintsbury2i@seattletimes.com,Male,247.228.69.27
92,Normie,Jarlmann,njarlmann2j@ted.com,Male,84.91.202.46
93,Helen,Hixley,hhixley2k@miitbeian.gov.cn,Female,86.207.206.155
94,Barb,Iacovuzzi,biacovuzzi2l@baidu.com,Agender,33.34.12.40
95,Babara,McKag,bmckag2m@shutterfly.com,Non-binary,114.178.121.94
96,Tammie,Leftridge,tleftridge2n@prlog.org,Male,9.126.173.11
97,Johnette,Dahlman,jdahlman2o@independent.co.uk,Female,195.65.160.150
98,Celinka,Tripcony,ctripcony2p@furl.net,Female,252.67.107.94
99,Daune,Hanney,dhanney2q@ucoz.ru,Female,103.28.218.229
100,Olga,Dawby,odawby2r@marketwatch.com,Female,134.216.142.22
101,Tucky,Folbige,tfolbige2s@altervista.org,Male,120.219.161.38
102,Mickie,Barenskie,mbarenskie2t@360.cn,Female,82.200.236.51
103,Elonore,Coultass,ecoultass2u@list-manage.com,Female,34.144.109.144
104,Ardine,Staines,astaines2v@cbslocal.com,Female,210.85.252.211
105,Fremont,Marklund,fmarklund2w@studiopress.com,Male,31.27.219.110
106,Tobye,Millett,tmillett2x@booking.com,Female,103.138.196.76
107,Eirena,Glanfield,eglanfield2y@auda.org.au,Female,241.151.32.69
108,Abie,Plan,aplan2z@istockphoto.com,Male,180.95.29.4
109,Tiffie,Francino,tfrancino30@bloglovin.com,Female,89.54.115.4
110,Saba,McNerlin,smcnerlin31@google.com.br,Female,158.79.240.157
111,Merwin,Strickett,mstrickett32@nbcnews.com,Male,254.179.231.10
112,Kendre,Beacock,kbeacock33@buzzfeed.com,Bigender,129.135.64.160
113,Shurwood,Argont,sargont34@behance.net,Male,137.154.243.20
114,Corrina,Baxandall,cbaxandall35@youtube.com,Female,48.20.25.97
115,Mora,Nunnery,mnunnery36@paginegialle.it,Genderqueer,21.191.229.205
116,Padraic,Gawen,pgawen37@eventbrite.com,Male,201.152.49.135
117,Thorvald,Danihel,tdanihel38@msu.edu,Male,72.149.56.136
118,Francois,Udell,fudell39@java.com,Male,51.58.97.125
119,Chickie,Smurfit,csmurfit3a@narod.ru,Male,159.221.247.252
120,Rockey,Coole,rcoole3b@stanford.edu,Male,127.59.76.171
121,Ingrid,McPhail,imcphail3c@networkadvertising.org,Agender,240.166.139.47
122,Chloette,Reame,creame3d@google.co.jp,Female,195.97.50.221
123,Mischa,Boarer,mboarer3e@miibeian.gov.cn,Male,176.39.46.45
124,Stanfield,Cordelet,scordelet3f@blogtalkradio.com,Male,192.164.191.27
125,Barclay,Dew,bdew3g@feedburner.com,Male,177.163.220.121
126,Randi,Antonio,rantonio3h@bbb.org,Female,176.1.53.124
127,Robinett,Ruckhard,rruckhard3i@eventbrite.com,Female,155.254.46.72
128,Norby,Oddboy,noddboy3j@nbcnews.com,Male,117.45.27.225
129,My,Hague,mhague3k@cam.ac.uk,Male,58.145.43.237
130,Mill,Baline,mbaline3l@imdb.com,Male,215.69.103.148
131,Nathan,Dunge,ndunge3m@unc.edu,Male,164.52.69.156
132,Hunfredo,Bellringer,hbellringer3n@mysql.com,Male,100.157.25.115
133,Cosmo,Sowersby,csowersby3o@shinystat.com,Male,109.83.179.178
134,Constanta,Gledstane,cgledstane3p@mozilla.org,Female,255.92.112.158
135,Emerson,Chesser,echesser3q@skype.com,Male,79.238.44.181
136,Josias,Trahear,jtrahear3r@360.cn,Bigender,174.49.46.237
137,Bartholemy,Playfoot,bplayfoot3s@creativecommons.org,Male,143.94.203.112
138,Marvin,Slemmonds,mslemmonds3t@sourceforge.net,Male,212.25.190.42
139,Rutger,Hundall,rhundall3u@live.com,Male,74.164.49.197
140,Trisha,Sallenger,tsallenger3v@harvard.edu,Female,226.133.29.102
141,Kary,Baugham,kbaugham3w@privacy.gov.au,Non-binary,4.182.23.31
142,Dredi,Casbolt,dcasbolt3x@nps.gov,Female,249.255.31.67
143,Corette,Binfield,cbinfield3y@jugem.jp,Female,36.152.31.163
144,Nerte,Audrey,naudrey3z@nature.com,Female,63.104.169.76
145,Romona,Ackenson,rackenson40@flavors.me,Genderqueer,195.185.87.38
146,Kellie,Casaccia,kcasaccia41@slate.com,Female,46.169.221.244
147,Dominik,Biggerstaff,dbiggerstaff42@dailymotion.com,Male,228.101.165.252
148,Rey,Bollom,rbollom43@studiopress.com,Female,25.205.118.13
149,Leonora,Doghartie,ldoghartie44@addtoany.com,Polygender,131.203.143.60
150,Bella,Briffett,bbriffett45@vkontakte.ru,Female,196.27.177.33
151,Titus,Filasov,tfilasov46@tripod.com,Male,49.167.228.8
152,Randall,Rix,rrix47@barnesandnoble.com,Male,42.167.201.104
153,Jazmin,Karolowski,jkarolowski48@house.gov,Female,17.93.102.235
154,Juli,Bartali,jbartali49@nationalgeographic.com,Female,39.87.228.8
155,Lorene,Scandrick,lscandrick4a@goo.ne.jp,Female,3.87.40.213
156,Rupert,Le Provost,rleprovost4b@cnet.com,Male,9.206.0.29
157,Benedick,Overil,boveril4c@issuu.com,Male,181.106.183.35
158,Den,Caras,dcaras4d@craigslist.org,Bigender,13.12.6.220
159,Martyn,Poge,mpoge4e@godaddy.com,Male,208.37.222.138
160,Pincas,Walsh,pwalsh4f@loc.gov,Male,142.240.8.29
161,Cory,Habbes,chabbes4g@house.gov,Female,107.86.177.55
162,Curr,Swanborough,cswanborough4h@imageshack.us,Male,5.106.234.106
163,Katharine,Aiton,kaiton4i@surveymonkey.com,Female,164.46.2.83
164,Marylou,Vant,mvant4j@pagesperso-orange.fr,Female,204.74.2.236
165,Elke,Fullard,efullard4k@apache.org,Female,181.226.42.52
166,Theodosia,Jones,tjones4l@vimeo.com,Female,176.27.183.210
167,Klara,Crotty,kcrotty4m@blogtalkradio.com,Female,171.166.170.48
168,Marie,Toombes,mtoombes4n@pinterest.com,Female,31.244.66.242
169,Darline,Catherick,dcatherick4o@shutterfly.com,Female,191.191.10.40
170,Cammi,Van Halen,cvanhalen4p@parallels.com,Female,46.195.111.11
171,Andros,Cleland,acleland4q@furl.net,Male,121.117.179.208
172,Tallou,Shankland,tshankland4r@nifty.com,Female,50.16.147.64
173,Leisha,Renowden,lrenowden4s@fotki.com,Female,94.224.90.68
174,Leah,Jantzen,ljantzen4t@tripod.com,Female,38.207.88.229
175,Karil,Belsey,kbelsey4u@foxnews.com,Female,181.255.173.65
176,Clerkclaude,Leghorn,cleghorn4v@mit.edu,Male,151.41.214.203
177,Mar,Hedingham,mhedingham4w@hc360.com,Male,127.166.24.15
178,Miguel,Sayle,msayle4x@vkontakte.ru,Bigender,149.53.57.146
179,Barbe,Aspinell,baspinell4y@goo.ne.jp,Female,186.116.218.73
180,Baily,Wickersham,bwickersham4z@tinyurl.com,Male,241.218.98.131
181,Reuven,Shrimpling,rshrimpling50@domainmarket.com,Male,163.31.178.133
182,Tiler,Strover,tstrover51@4shared.com,Male,14.70.142.180
183,Marylin,Cordova,mcordova52@nymag.com,Female,147.137.119.249
184,Debee,Seage,dseage53@nih.gov,Female,25.169.29.216
185,Noelani,Newsome,nnewsome54@patch.com,Female,132.51.246.104
186,Valry,Hubane,vhubane55@bizjournals.com,Female,92.238.22.42
187,Cross,Samudio,csamudio56@e-recht24.de,Male,231.215.84.7
188,Ravid,Tomasello,rtomasello57@exblog.jp,Male,182.242.50.64
189,Jdavie,Rickardes,jrickardes58@microsoft.com,Male,118.227.153.249
190,Brooks,Bruty,bbruty59@hhs.gov,Female,214.242.170.73
191,Phyllida,Jarley,pjarley5a@rambler.ru,Genderqueer,159.228.3.218
192,Terrance,Mercey,tmercey5b@blogs.com,Male,113.21.250.63
193,Kerianne,Poundesford,kpoundesford5c@princeton.edu,Female,246.29.176.248
194,Mathew,Horsburgh,mhorsburgh5d@salon.com,Male,168.194.148.19
195,Birch,Markson,bmarkson5e@indiegogo.com,Male,168.168.61.123
196,Marleen,Commuzzo,mcommuzzo5f@businessweek.com,Female,67.44.98.234
197,Hollis,Medd,hmedd5g@statcounter.com,Male,90.207.204.255
198,Ritchie,Huriche,rhuriche5h@salon.com,Male,45.5.31.43
199,Artemus,Warlawe,awarlawe5i@gov.uk,Male,49.107.14.223
200,Myca,Seville,mseville5j@moonfruit.com,Male,53.38.213.109
201,Galen,Ottewill,gottewill5k@ning.com,Male,206.3.203.132
202,Stacie,McAlister,smcalister5l@free.fr,Female,177.160.178.30
203,Walther,Lamcken,wlamcken5m@tripadvisor.com,Male,220.163.170.239
204,Claresta,Kenington,ckenington5n@springer.com,Female,174.185.89.3
205,Shelley,Ibberson,sibberson5o@google.com.au,Male,143.2.75.127
206,Edee,Bank,ebank5p@usatoday.com,Female,168.31.200.157
207,Kristos,Skevington,kskevington5q@mozilla.org,Male,84.145.174.101
208,Krissy,Chrichton,kchrichton5r@arizona.edu,Female,112.104.66.198
209,Darb,Ludlom,dludlom5s@reuters.com,Male,143.227.215.11
210,Ailbert,Vivian,avivian5t@soup.io,Male,169.173.24.229
211,Laure,Chelley,lchelley5u@shop-pro.jp,Female,207.32.200.51
212,Barnebas,McIllrick,bmcillrick5v@dion.ne.jp,Male,168.168.10.100
213,Luciana,Pikhno,lpikhno5w@pagesperso-orange.fr,Female,114.71.32.159
214,Justino,Antley,jantley5x@qq.com,Male,184.134.98.1
215,Wally,Larmour,wlarmour5y@tumblr.com,Male,181.179.210.131
216,Jennica,Scroggie,jscroggie5z@yahoo.co.jp,Female,38.140.119.228
217,Brandtr,Beckett,bbeckett60@ca.gov,Male,85.80.49.131
218,Emlynn,Lancastle,elancastle61@flavors.me,Female,137.172.195.241
219,Skipp,D'Emanuele,sdemanuele62@ask.com,Male,252.194.19.99
220,Jackelyn,Fellow,jfellow63@wp.com,Female,19.89.52.223
221,Elyssa,Scrivens,escrivens64@si.edu,Female,91.88.120.123
222,Ashely,Vondrys,avondrys65@netlog.com,Female,175.242.90.35
223,Cele,Aspinall,caspinall66@army.mil,Female,196.137.108.117
224,Jason,Boorer,jboorer67@youtube.com,Male,184.88.101.102
225,Zared,Ranshaw,zranshaw68@scribd.com,Male,131.214.121.125
226,Ive,Brosini,ibrosini69@google.it,Male,38.82.30.116
227,Jamil,Spykins,jspykins6a@list-manage.com,Genderqueer,232.27.164.242
228,Frasco,Riddich,friddich6b@skype.com,Male,137.68.36.92
229,Delano,Lympenie,dlympenie6c@google.cn,Male,134.60.192.118
230,Nedda,Cadigan,ncadigan6d@quantcast.com,Female,108.122.238.40
231,Colin,Leate,cleate6e@blogtalkradio.com,Male,45.33.75.143
232,Luce,Wigfield,lwigfield6f@barnesandnoble.com,Non-binary,156.184.130.96
233,Vite,Speedin,vspeedin6g@ucoz.ru,Male,195.223.189.198
234,Alfreda,Avramov,aavramov6h@wikipedia.org,Female,139.66.241.204
235,Brooke,Escofier,bescofier6i@hud.gov,Male,203.37.119.87
236,Jack,Andrey,jandrey6j@shutterfly.com,Male,248.126.207.153
237,Yetty,Gelland,ygelland6k@cocolog-nifty.com,Female,211.174.202.6
238,Daffy,Wayte,dwayte6l@bluehost.com,Female,124.236.221.138
239,Karney,Gullivent,kgullivent6m@mac.com,Polygender,65.24.85.168
240,Fletcher,Lingner,flingner6n@dell.com,Male,117.88.206.150
241,Eve,De Matteis,edematteis6o@cdbaby.com,Female,170.190.53.136
242,Diandra,Neles,dneles6p@discuz.net,Female,47.242.226.170
243,Barty,Conrard,bconrard6q@taobao.com,Male,190.115.94.84
244,Billi,Symonds,bsymonds6r@google.co.uk,Female,102.89.117.126
245,Camille,Fontin,cfontin6s@adobe.com,Agender,219.131.33.27
246,Paule,Broadfoot,pbroadfoot6t@zdnet.com,Female,149.125.102.141
247,Atalanta,Judron,ajudron6u@eventbrite.com,Female,53.58.88.147
248,Maxie,Vasyunkin,mvasyunkin6v@bloglines.com,Female,57.104.172.120
249,Gonzales,Derricoat,gderricoat6w@yale.edu,Male,49.62.59.72
250,Maurise,Phythian,mphythian6x@time.com,Polygender,186.180.96.135
251,Blakelee,De la Perrelle,bdelaperrelle6y@flavors.me,Female,152.133.68.129
252,Corie,Meric,cmeric6z@livejournal.com,Female,198.48.95.14
253,Lorant,Obington,lobington70@goo.ne.jp,Male,111.178.92.161
254,Jeffrey,O'Leagham,joleagham71@tripod.com,Male,94.38.174.166
255,Stacee,Marages,smarages72@indiatimes.com,Non-binary,120.193.60.196
256,Xerxes,Craigs,xcraigs73@mac.com,Male,196.220.42.18
257,Alistair,Tingly,atingly74@berkeley.edu,Polygender,187.169.150.216
258,Carey,Brockman,cbrockman75@github.com,Female,87.102.247.141
259,Reamonn,Seville,rseville76@google.it,Male,67.16.117.236
260,Flossi,Jeppe,fjeppe77@flavors.me,Female,120.69.53.137
261,Bartlett,Teissier,bteissier78@businessweek.com,Male,177.196.31.110
262,Valle,Cossar,vcossar79@google.fr,Male,78.0.169.134
263,Odo,Caddie,ocaddie7a@surveymonkey.com,Male,17.215.236.3
264,Leonie,Gioani,lgioani7b@photobucket.com,Agender,235.74.85.128
265,Franklyn,Buske,fbuske7c@phoca.cz,Male,11.13.19.198
266,Vincent,Nardoni,vnardoni7d@soundcloud.com,Male,232.140.105.236
267,Bill,Legrand,blegrand7e@apple.com,Female,60.50.130.32
268,Georgetta,Kordovani,gkordovani7f@europa.eu,Female,71.254.16.184
269,Sansone,Grieves,sgrieves7g@miibeian.gov.cn,Male,246.135.128.126
270,Claude,Lennarde,clennarde7h@dedecms.com,Polygender,76.159.148.156
271,Eustace,Tampling,etampling7i@intel.com,Male,6.24.200.54
272,Anthea,Dallison,adallison7j@cafepress.com,Female,177.92.180.87
273,Ashil,Cave,acave7k@ask.com,Female,214.109.62.243
274,Zelig,Rollinson,zrollinson7l@soup.io,Male,198.26.38.212
275,Gregoor,Muddiman,gmuddiman7m@flavors.me,Male,6.46.28.161
276,Tyne,Buntine,tbuntine7n@accuweather.com,Female,231.75.50.216
277,Gerti,Dalyiel,gdalyiel7o@oaic.gov.au,Female,146.1.26.68
278,Darin,Winkworth,dwinkworth7p@amazon.co.uk,Genderqueer,52.185.158.174
279,Bernardine,Madre,bmadre7q@comsenz.com,Female,60.90.198.54
280,Jacquie,Sloegrave,jsloegrave7r@zimbio.com,Female,59.224.17.77
281,Arvy,Pollok,apollok7s@eventbrite.com,Polygender,133.13.190.187
282,Xymenes,Gooley,xgooley7t@google.com.br,Male,102.154.20.219
283,Laure,Bransden,lbransden7u@myspace.com,Female,117.65.82.163
284,Cara,Forst,cforst7v@yale.edu,Female,33.64.190.124
285,Zara,Perulli,zperulli7w@admin.ch,Female,107.194.169.171
286,Heddi,Cashen,hcashen7x@jalbum.net,Female,180.50.230.253
287,Brandy,Proschek,bproschek7y@scribd.com,Male,185.194.33.254
288,Polly,Crowley,pcrowley7z@soundcloud.com,Bigender,169.6.82.235
289,Kalli,Babbage,kbabbage80@alibaba.com,Female,236.120.117.117
290,Melisa,Kernoghan,mkernoghan81@ovh.net,Female,110.112.186.195
291,Gertrude,Lainton,glainton82@photobucket.com,Female,164.143.63.50
292,Tommie,Downes,tdownes83@people.com.cn,Non-binary,166.25.138.103
293,Rozalie,Colter,rcolter84@google.es,Female,193.41.113.20
294,Galvan,Mityakov,gmityakov85@ihg.com,Male,68.213.235.255
295,Maje,Nobes,mnobes86@fc2.com,Polygender,109.25.42.181
296,Martita,Conichie,mconichie87@ucla.edu,Female,133.45.235.228
297,Kacey,Byas,kbyas88@ning.com,Female,207.88.126.156
298,Candis,Wyles,cwyles89@who.int,Female,7.235.197.150
299,Odessa,Hasker,ohasker8a@gov.uk,Female,72.62.187.117
300,Bink,McDougall,bmcdougall8b@state.gov,Male,79.78.26.191
301,Bronson,Jindra,bjindra8c@dyndns.org,Male,59.222.149.129
302,Kiersten,Castello,kcastello8d@hud.gov,Non-binary,55.83.137.92
303,Gerrie,Pinniger,gpinniger8e@time.com,Male,163.37.144.135
304,Anthia,Lydall,alydall8f@squidoo.com,Female,230.175.208.104
305,Babette,Moisey,bmoisey8g@cmu.edu,Female,136.31.132.155
306,Bay,Norkutt,bnorkutt8h@mac.com,Male,31.49.16.27
307,Sybil,Bertin,sbertin8i@ucoz.ru,Female,129.171.48.118
308,Ermentrude,Scaysbrook,escaysbrook8j@icio.us,Female,85.211.49.138
309,Gram,Gatrill,ggatrill8k@soundcloud.com,Male,60.62.199.73
310,Roley,Channing,rchanning8l@mtv.com,Male,90.235.203.203
311,Berkeley,Prendiville,bprendiville8m@independent.co.uk,Male,131.172.157.61
312,Cindee,Ronaldson,cronaldson8n@netlog.com,Female,128.164.117.250
313,Janine,Gatchell,jgatchell8o@wsj.com,Female,97.188.112.56
314,Thedrick,Skyrm,tskyrm8p@joomla.org,Bigender,52.206.111.13
315,Noelyn,Whickman,nwhickman8q@pen.io,Female,109.144.113.174
316,Victor,Bolens,vbolens8r@twitter.com,Male,143.126.5.232
317,Elissa,Moukes,emoukes8s@hc360.com,Female,74.215.88.221
318,Ansley,Lintott,alintott8t@theguardian.com,Female,59.115.78.228
319,Siusan,Gibling,sgibling8u@yahoo.co.jp,Female,29.22.132.30
320,Asia,Armour,aarmour8v@i2i.jp,Female,255.231.198.100
321,Elsi,Licciardi,elicciardi8w@tinyurl.com,Female,29.240.58.196
322,Nata,Grandin,ngrandin8x@barnesandnoble.com,Female,122.2.235.47
323,Kimberli,Prati,kprati8y@ezinearticles.com,Female,65.36.243.173
324,Othelia,Shama,oshama8z@github.io,Female,55.22.27.140
325,Petronille,Tuckwood,ptuckwood90@baidu.com,Female,227.68.254.124
326,Sterling,Burras,sburras91@howstuffworks.com,Male,119.107.212.218
327,Maribeth,Farady,mfarady92@bloglines.com,Agender,157.70.74.119
328,Sutton,Wagstaffe,swagstaffe93@surveymonkey.com,Male,47.234.156.239
329,Kore,Simao,ksimao94@squidoo.com,Female,244.203.39.152
330,Ellery,Glentworth,eglentworth95@sakura.ne.jp,Male,119.211.216.59
331,Rurik,Hurnell,rhurnell96@yelp.com,Male,83.161.53.254
332,Vance,A'field,vafield97@tumblr.com,Agender,202.213.176.121
333,Tommie,Snawden,tsnawden98@nytimes.com,Female,185.143.117.74
334,Toma,Fossick,tfossick99@mail.ru,Female,223.191.43.228
335,Mufinella,O'Neill,moneill9a@1und1.de,Female,166.249.40.194
336,Marthena,Adolphine,madolphine9b@cam.ac.uk,Genderqueer,228.127.166.235
337,Karlis,Henrie,khenrie9c@ocn.ne.jp,Male,152.192.7.179
338,Gamaliel,Duce,gduce9d@youku.com,Male,19.254.113.5
339,Carmella,Webby,cwebby9e@yellowpages.com,Female,50.39.205.9
340,Grete,Radleigh,gradleigh9f@ebay.co.uk,Female,200.121.105.72
341,Glen,Kellough,gkellough9g@pen.io,Female,68.243.227.107
342,Bevvy,Betjeman,bbetjeman9h@ifeng.com,Female,79.244.152.193
343,Luciana,Arthy,larthy9i@qq.com,Female,160.229.177.209
344,Morrie,Noto,mnoto9j@mozilla.com,Male,157.84.29.203
345,Myrvyn,Kighly,mkighly9k@nba.com,Male,131.91.25.76
346,Olga,Bowker,obowker9l@cmu.edu,Female,109.8.66.18
347,Renell,Batalini,rbatalini9m@independent.co.uk,Female,183.25.195.151
348,Samaria,Jozsef,sjozsef9n@patch.com,Female,66.202.3.219
349,Sandie,Winsor,swinsor9o@indiatimes.com,Female,168.160.238.111
350,Even,Jakovijevic,ejakovijevic9p@spiegel.de,Male,159.250.4.182
351,Lorine,Vondra,lvondra9q@t.co,Female,192.185.140.171
352,Andromache,Kempton,akempton9r@phpbb.com,Female,179.187.22.240
353,Maximilianus,Lount,mlount9s@is.gd,Male,99.219.226.197
354,Bale,Braferton,bbraferton9t@paginegialle.it,Male,237.136.2.91
355,Luciano,Cattle,lcattle9u@si.edu,Male,111.145.141.59
356,Neron,Palatino,npalatino9v@blogger.com,Male,178.231.214.44
357,Sarina,Densie,sdensie9w@mlb.com,Female,170.161.142.189
358,Aimee,Stoodley,astoodley9x@networksolutions.com,Female,20.217.186.148
359,Tonia,McAlinion,tmcalinion9y@infoseek.co.jp,Genderfluid,200.9.112.159
360,Kristal,Fraczkiewicz,kfraczkiewicz9z@furl.net,Female,185.179.43.50
361,Brook,Ondricek,bondriceka0@spiegel.de,Male,230.66.188.45
362,Berny,Birds,bbirdsa1@is.gd,Male,157.114.62.3
363,Dania,Maccaddie,dmaccaddiea2@patch.com,Female,67.250.50.253
364,Pansie,Peniman,ppenimana3@cyberchimps.com,Female,23.130.156.143
365,Sherline,Vann,svanna4@example.com,Female,238.248.129.170
366,Rollo,Esche,reschea5@bloglovin.com,Male,134.230.96.2
367,Marlowe,Peek,mpeeka6@bizjournals.com,Male,24.224.22.46
368,Salim,Askey,saskeya7@1und1.de,Male,42.186.217.139
369,Ginger,Northcote,gnorthcotea8@businesswire.com,Male,127.154.9.74
370,Vicky,Kneal,vkneala9@list-manage.com,Female,100.251.218.156
371,Iolande,Fonteyne,ifonteyneaa@github.io,Female,44.86.188.253
372,Leupold,Heatley,lheatleyab@ovh.net,Male,158.46.201.200
373,Nessy,Shreenan,nshreenanac@ucoz.com,Female,62.222.106.83
374,Jennie,Minards,jminardsad@aboutads.info,Female,20.248.8.7
375,Thaine,Pitson,tpitsonae@ft.com,Male,212.243.201.68
376,Thibaud,Schneidau,tschneidauaf@bandcamp.com,Male,239.109.105.242
377,Rebecca,Parnby,rparnbyag@mediafire.com,Female,78.196.21.223
378,Windy,Burbank,wburbankah@posterous.com,Polygender,115.73.82.163
379,Camala,Ackrill,cackrillai@macromedia.com,Female,178.189.26.125
380,Delinda,Farleigh,dfarleighaj@prweb.com,Female,214.212.111.131
381,Malcolm,Leban,mlebanak@ustream.tv,Male,63.101.138.138
382,Beverlee,Lainge,blaingeal@telegraph.co.uk,Female,67.75.67.196
383,Nerty,Nairne,nnairneam@dyndns.org,Female,35.83.112.76
384,Brenna,Boarder,bboarderan@deviantart.com,Female,98.42.104.30
385,Neel,Giggie,ngiggieao@oakley.com,Polygender,191.15.110.61
386,Averill,McConnel,amcconnelap@google.com.au,Male,220.180.39.138
387,Mannie,Hehnke,mhehnkeaq@desdev.cn,Male,35.245.73.51
388,Doug,Kirkbride,dkirkbridear@dion.ne.jp,Genderqueer,176.216.137.28
389,Libbie,Gokes,lgokesas@slashdot.org,Polygender,164.4.232.182
390,Tadeas,Vaines,tvainesat@tripod.com,Male,23.181.103.44
391,Anatola,Ellens,aellensau@mashable.com,Female,236.1.127.231
392,Cart,Treadway,ctreadwayav@cocolog-nifty.com,Male,164.96.48.104
393,Horten,Paffley,hpaffleyaw@prweb.com,Male,163.55.75.117
394,Dietrich,Cuthill,dcuthillax@ucoz.ru,Male,189.71.110.241
395,Rani,Haithwaite,rhaithwaiteay@guardian.co.uk,Female,95.120.192.9
396,Roxi,Dwyer,rdwyeraz@dailymotion.com,Female,130.235.216.105
397,Merrick,Gonneau,mgonneaub0@newyorker.com,Male,80.210.147.170
398,Davis,Rennocks,drennocksb1@cyberchimps.com,Male,178.205.213.115
399,Nissa,Porritt,nporrittb2@gravatar.com,Female,253.9.87.253
400,Angelita,Lynde,alyndeb3@stumbleupon.com,Female,188.153.128.198
401,Jephthah,Costigan,jcostiganb4@goodreads.com,Male,128.178.2.203
402,Lucille,Poundsford,lpoundsfordb5@sourceforge.net,Female,116.248.239.199
403,Zachary,Licciardiello,zlicciardiellob6@umich.edu,Male,150.58.7.140
404,Hildagarde,Valance,hvalanceb7@e-recht24.de,Female,238.185.106.29
405,Burty,Marten,bmartenb8@newyorker.com,Male,121.18.184.5
406,Elvyn,Steptow,esteptowb9@mozilla.org,Male,119.201.20.28
407,Elsey,Budden,ebuddenba@tinyurl.com,Female,228.24.60.48
408,Alasteir,Clampett,aclampettbb@bizjournals.com,Non-binary,117.25.157.5
409,Serge,Narducci,snarduccibc@ihg.com,Male,126.83.104.183
410,Gretna,Cayle,gcaylebd@goo.ne.jp,Bigender,85.236.90.185
411,Frederique,McRory,fmcrorybe@goo.gl,Female,115.226.152.112
412,Fernanda,Inder,finderbf@princeton.edu,Genderfluid,198.203.181.135
413,Jemmy,Guido,jguidobg@godaddy.com,Female,245.255.142.82
414,Toddy,Coucher,tcoucherbh@paypal.com,Polygender,221.153.83.227
415,Alexio,Mundell,amundellbi@examiner.com,Genderfluid,167.51.54.245
416,Kippie,MacAiline,kmacailinebj@chron.com,Male,87.28.97.201
417,Clari,Newling,cnewlingbk@smh.com.au,Polygender,163.112.182.83
418,Chrotoem,Lissandre,clissandrebl@e-recht24.de,Male,165.124.144.232
419,Gratia,Vanacci,gvanaccibm@sphinn.com,Female,255.207.186.22
420,Donica,Illingworth,dillingworthbn@netlog.com,Female,90.216.64.193
421,Elita,Guido,eguidobo@si.edu,Agender,136.123.87.156
422,Leesa,Le Quesne,llequesnebp@imgur.com,Female,116.81.74.47
423,Regen,Ridder,rridderbq@gravatar.com,Male,119.98.64.55
424,Clemmie,McQuillin,cmcquillinbr@diigo.com,Male,87.195.166.231
425,Edythe,Langdale,elangdalebs@slashdot.org,Female,170.73.31.89
426,Grace,Marti,gmartibt@github.io,Female,44.205.118.185
427,Sherwin,Yoxen,syoxenbu@disqus.com,Male,202.14.238.153
428,Juline,Cristoforo,jcristoforobv@nymag.com,Female,184.43.225.114
429,Iolande,Kilalea,ikilaleabw@cam.ac.uk,Female,160.237.150.19
430,Maximo,Doerffer,mdoerfferbx@dmoz.org,Male,83.229.206.8
431,Jaime,Trett,jtrettby@sitemeter.com,Male,105.172.139.206
432,Chev,Bindon,cbindonbz@dedecms.com,Male,75.117.156.113
433,Biron,Alloway,ballowayc0@nhs.uk,Male,215.53.19.63
434,Matias,Daughtery,mdaughteryc1@nsw.gov.au,Male,190.165.28.6
435,Stanleigh,Jovicevic,sjovicevicc2@mashable.com,Male,249.255.151.228
436,Clyde,Milmoe,cmilmoec3@yale.edu,Genderfluid,185.86.8.66
437,Elicia,Shearer,eshearerc4@cam.ac.uk,Female,124.185.241.73
438,Wrennie,Gudger,wgudgerc5@clickbank.net,Genderfluid,40.163.104.143
439,Bran,Cornejo,bcornejoc6@sohu.com,Male,251.121.144.166
440,Darsey,Pickersgill,dpickersgillc7@bandcamp.com,Female,166.43.196.200
441,Carver,Trays,ctraysc8@go.com,Male,146.28.158.234
442,Fayina,Dugget,fduggetc9@harvard.edu,Female,110.30.183.254
443,Harlin,Hustler,hhustlerca@dell.com,Male,19.94.138.122
444,Kirbie,Winterflood,kwinterfloodcb@forbes.com,Non-binary,25.73.105.152
445,Yorke,Pigny,ypignycc@nyu.edu,Male,209.33.116.15
446,Licha,Chatainier,lchatainiercd@sfgate.com,Female,235.59.196.147
447,Heloise,Mc Curlye,hmccurlyece@ibm.com,Female,170.110.113.25
448,Barn,Parken,bparkencf@devhub.com,Male,180.216.208.237
449,Prentice,Adney,padneycg@bizjournals.com,Male,8.145.245.174
450,Homer,Aubury,hauburych@oaic.gov.au,Male,169.192.249.115
451,Ernst,Spreag,espreagci@berkeley.edu,Male,115.119.165.218
452,Rosabella,Stapylton,rstapyltoncj@clickbank.net,Female,178.167.166.241
453,Leone,Doone,ldooneck@patch.com,Female,209.179.200.70
454,Huntington,Haliburton,hhaliburtoncl@eepurl.com,Male,163.139.187.131
455,Claude,Kirman,ckirmancm@springer.com,Female,244.161.150.136
456,Avrom,Pimblotte,apimblottecn@google.nl,Male,19.65.40.165
457,Wallache,Gillio,wgillioco@noaa.gov,Male,152.102.220.4
458,Neill,Carayol,ncarayolcp@godaddy.com,Non-binary,0.253.225.252
459,Lenci,Laugier,llaugiercq@myspace.com,Male,12.221.158.219
460,Parrnell,Larver,plarvercr@eventbrite.com,Male,117.85.251.145
461,Anderea,Meletti,amelettics@baidu.com,Female,18.52.142.160
462,Henrieta,De Bruijne,hdebruijnect@twitpic.com,Genderfluid,175.38.149.136
463,Ignazio,Belchambers,ibelchamberscu@cpanel.net,Male,77.40.217.168
464,Tristam,Drance,tdrancecv@ning.com,Male,18.178.150.75
465,Guido,Featherstone,gfeatherstonecw@de.vu,Male,45.87.126.28
466,Ilene,Martinello,imartinellocx@wordpress.org,Female,208.250.246.73
467,Shara,Northedge,snorthedgecy@technorati.com,Female,59.43.154.29
468,Cynthie,Habeshaw,chabeshawcz@omniture.com,Female,92.42.60.122
469,Marinna,Orpin,morpind0@vistaprint.com,Female,167.172.141.123
470,Aldon,Schachter,aschachterd1@nih.gov,Male,2.66.3.216
471,Hymie,Van Arsdall,hvanarsdalld2@boston.com,Male,88.57.88.254
472,Agnes,Colliver,acolliverd3@devhub.com,Female,193.44.157.105
473,Tracey,Caddick,tcaddickd4@nhs.uk,Male,59.168.66.214
474,Dody,Coney,dconeyd5@macromedia.com,Female,159.246.155.234
475,Tyrus,Poolman,tpoolmand6@google.co.uk,Male,26.17.98.247
476,Farlay,Klimaszewski,fklimaszewskid7@va.gov,Male,181.200.241.226
477,Lester,Runchman,lrunchmand8@yellowbook.com,Male,47.212.170.113
478,Olympie,Moubray,omoubrayd9@rediff.com,Female,191.149.44.79
479,Kristopher,Vampouille,kvampouilleda@booking.com,Male,22.120.180.171
480,Calypso,Winkworth,cwinkworthdb@biglobe.ne.jp,Female,142.92.66.21
481,Fitzgerald,Robeson,frobesondc@alibaba.com,Male,211.65.90.200
482,Clay,Awdry,cawdrydd@noaa.gov,Male,233.150.201.12
483,Egon,Pulbrook,epulbrookde@constantcontact.com,Male,68.11.201.21
484,Aaron,Pitcock,apitcockdf@imgur.com,Male,192.222.25.79
485,Issi,Purshouse,ipurshousedg@webnode.com,Female,222.33.243.23
486,Mahala,Wapple,mwappledh@yandex.ru,Polygender,170.110.162.201
487,Lamond,Platt,lplattdi@mozilla.com,Male,0.109.28.153
488,Amity,Thackwray,athackwraydj@joomla.org,Female,51.255.85.83
489,Ernie,Arlt,earltdk@discovery.com,Male,239.0.246.234
490,Gideon,Gibbings,ggibbingsdl@yellowbook.com,Male,187.167.198.145
491,Hamlin,Demogeot,hdemogeotdm@china.com.cn,Male,168.118.169.217
492,Tessi,Tallon,ttallondn@nature.com,Female,81.79.129.71
493,Abby,Possa,apossado@ox.ac.uk,Female,167.27.222.4
494,Linda,Mac Geaney,lmacgeaneydp@aboutads.info,Female,14.144.3.8
495,Rubina,Fereday,rferedaydq@360.cn,Female,188.234.230.103
496,Lauryn,Molloy,lmolloydr@senate.gov,Genderfluid,96.59.180.81
497,Neville,Marvin,nmarvinds@altervista.org,Male,126.247.196.178
498,Netta,O'Shields,noshieldsdt@sina.com.cn,Female,185.67.118.53
499,Jonie,O'Beirne,jobeirnedu@ebay.com,Female,158.216.186.66
500,Micah,Gamblin,mgamblindv@ox.ac.uk,Male,51.205.121.13
501,Rooney,Rannald,rrannalddw@miibeian.gov.cn,Male,133.134.124.50
502,Essy,Capewell,ecapewelldx@ustream.tv,Female,222.215.236.169
503,Renelle,Prothero,rprotherody@github.io,Genderfluid,52.5.166.148
504,Bentlee,De Vaan,bdevaandz@amazonaws.com,Male,163.86.187.136
505,Randee,Iggalden,riggaldene0@dmoz.org,Female,115.67.201.215
506,Ema,McCunn,emccunne1@hud.gov,Female,102.54.112.40
507,Boyce,Broadley,bbroadleye2@lycos.com,Male,18.200.41.121
508,Darnall,Hobden,dhobdene3@yellowbook.com,Male,49.18.242.189
509,Minny,Porch,mporche4@soup.io,Female,230.163.88.108
510,Dylan,Ruane,druanee5@hao123.com,Male,109.98.103.155
511,Frances,Gibbs,fgibbse6@example.com,Female,14.203.128.255
512,Lief,Ferreras,lferrerase7@woothemes.com,Male,94.48.168.73
513,Arly,MacKettrick,amackettricke8@bizjournals.com,Female,2.179.11.64
514,Marylou,Despenser,mdespensere9@github.io,Bigender,20.254.17.136
515,Kelsy,Endrizzi,kendrizziea@narod.ru,Female,128.24.60.212
516,Kerwinn,MacGilpatrick,kmacgilpatrickeb@blogger.com,Male,9.187.105.159
517,Anton,Kowalski,akowalskiec@squidoo.com,Male,124.66.140.30
518,Dale,Giercke,dgierckeed@amazon.com,Bigender,61.24.206.98
519,Vikki,Kersley,vkersleyee@answers.com,Female,213.65.133.209
520,Natka,Di Nisco,ndiniscoef@nih.gov,Female,155.124.169.227
521,Erick,Safhill,esafhilleg@163.com,Male,181.126.232.235
522,Ignacius,Bierton,ibiertoneh@ycombinator.com,Male,50.181.99.253
523,Midge,Sabathe,msabatheei@squidoo.com,Female,237.134.188.184
524,Mommy,Priddle,mpriddleej@ucsd.edu,Female,129.177.97.203
525,Berthe,Zanre,bzanreek@admin.ch,Female,171.124.38.6
526,Evy,Cristofanini,ecristofaniniel@jiathis.com,Female,211.97.206.188
527,Pancho,Perillo,pperilloem@boston.com,Male,229.87.25.63
528,Ottilie,Darree,odarreeen@ucoz.com,Female,186.195.213.203
529,Janot,Blakden,jblakdeneo@uol.com.br,Female,202.78.131.224
530,Hadrian,Wilbor,hwilborep@mtv.com,Male,49.6.54.212
531,Beulah,Whodcoat,bwhodcoateq@joomla.org,Female,24.237.230.25
532,Wittie,Hatliff,whatliffer@nps.gov,Male,224.136.158.168
533,Klaus,Berrygun,kberrygunes@macromedia.com,Male,34.229.78.49
534,Jessalin,Polak,jpolaket@home.pl,Female,136.216.112.177
535,Buckie,Quixley,bquixleyeu@examiner.com,Male,103.3.234.9
536,Fawn,Parffrey,fparffreyev@sina.com.cn,Female,145.89.48.121
537,Shirleen,Gipps,sgippsew@nsw.gov.au,Female,0.81.64.163
538,Lawton,Abeles,labelesex@list-manage.com,Male,98.67.158.91
539,Regina,Keslake,rkeslakeey@theguardian.com,Female,11.184.140.126
540,Nicko,Hallowes,nhallowesez@usnews.com,Male,83.212.226.175
541,Salomon,Evins,sevinsf0@imdb.com,Male,14.62.90.222
542,Lilia,Harrisson,lharrissonf1@typepad.com,Female,176.182.14.8
543,Lionello,Cregg,lcreggf2@tmall.com,Male,245.201.236.171
544,Donnie,Boffey,dboffeyf3@nhs.uk,Female,23.93.168.60
545,Elfrieda,Burdess,eburdessf4@house.gov,Female,201.36.224.14
546,Madison,Midghall,mmidghallf5@disqus.com,Non-binary,42.53.69.74
547,Kellina,Dagleas,kdagleasf6@youtube.com,Female,156.190.206.237
548,Nerissa,Hasney,nhasneyf7@ebay.com,Female,233.87.152.19
549,Glynda,Guiot,gguiotf8@indiegogo.com,Female,8.128.165.105
550,Gordie,Goadby,ggoadbyf9@shutterfly.com,Bigender,14.251.55.224
551,Waneta,Berk,wberkfa@typepad.com,Female,208.186.166.59
552,Antonino,Kacheler,akachelerfb@europa.eu,Genderfluid,136.247.114.178
553,Carolynn,Rupel,crupelfc@timesonline.co.uk,Female,94.185.94.70
554,Jany,Adelman,jadelmanfd@nba.com,Female,180.249.88.32
555,Yoshi,Dabs,ydabsfe@aol.com,Female,204.101.110.216
556,Patsy,Seaward,pseawardff@opensource.org,Female,107.96.218.85
557,Eamon,Smallshaw,esmallshawfg@google.co.uk,Agender,61.78.205.235
558,Judie,Beakes,jbeakesfh@people.com.cn,Female,247.66.218.157
559,Paddy,Tatham,ptathamfi@opera.com,Male,62.44.12.38
560,Urson,Dalzell,udalzellfj@sogou.com,Male,29.51.172.223
561,Vally,Biesterfeld,vbiesterfeldfk@ow.ly,Female,174.108.170.48
562,Lauraine,Pomfret,lpomfretfl@stanford.edu,Female,127.80.120.181
563,Maybelle,O'Growgane,mogrowganefm@cafepress.com,Female,231.40.46.196
564,Trixie,Tansly,ttanslyfn@joomla.org,Female,61.162.6.231
565,Devi,Ciccetti,dciccettifo@army.mil,Female,210.70.56.121
566,Troy,Kalinke,tkalinkefp@cafepress.com,Male,85.196.161.120
567,Carita,Demann,cdemannfq@alibaba.com,Female,62.211.76.44
568,Brenden,Lembke,blembkefr@paginegialle.it,Genderfluid,14.69.135.255
569,Elston,Pettisall,epettisallfs@theguardian.com,Genderqueer,109.130.12.55
570,Desdemona,Laboune,dlabouneft@squarespace.com,Female,93.201.75.148
571,Idelle,Joincey,ijoinceyfu@engadget.com,Female,5.141.227.33
572,Tedman,Dawid,tdawidfv@vimeo.com,Male,135.159.21.15
573,Knox,Greenhowe,kgreenhowefw@vk.com,Male,142.168.198.191
574,Durante,Pancoast,dpancoastfx@wp.com,Male,221.45.17.26
575,Bartholomew,McCosh,bmccoshfy@netlog.com,Male,230.233.102.210
576,Nanine,Colegate,ncolegatefz@yandex.ru,Female,5.128.102.54
577,Vinnie,Belson,vbelsong0@tuttocitta.it,Female,19.155.40.209
578,Chet,Gallahar,cgallaharg1@omniture.com,Polygender,7.134.52.38
579,Monti,oldey,moldeyg2@rediff.com,Male,15.61.184.182
580,Mart,Slimme,mslimmeg3@ucla.edu,Male,231.118.40.226
581,Carmelle,Abramin,cabraming4@domainmarket.com,Female,209.67.52.110
582,Denni,Veall,dveallg5@newyorker.com,Female,254.207.167.49
583,Vivianna,Goane,vgoaneg6@miibeian.gov.cn,Female,37.124.158.175
584,Evin,Mariette,emarietteg7@xrea.com,Male,19.1.97.230
585,Maye,Yurkin,myurking8@admin.ch,Female,199.236.86.86
586,Opal,Pyrton,opyrtong9@ucla.edu,Female,102.187.124.88
587,Josh,Korneichuk,jkorneichukga@geocities.com,Male,172.128.4.186
588,Dulcinea,Coomber,dcoombergb@examiner.com,Female,18.49.172.235
589,Gabbie,Bafford,gbaffordgc@twitter.com,Male,210.64.83.12
590,Antonina,Ivakhin,aivakhingd@trellian.com,Female,127.251.22.206
591,Oliy,Turnpenny,oturnpennyge@bbc.co.uk,Female,50.123.204.88
592,Ursala,Winfred,uwinfredgf@theguardian.com,Female,66.6.217.18
593,Teriann,Scare,tscaregg@hubpages.com,Polygender,110.101.236.180
594,Sanderson,O'Dee,sodeegh@furl.net,Male,120.67.95.70
595,Lesya,Caney,lcaneygi@shop-pro.jp,Female,189.72.41.198
596,Alexandrina,Di Batista,adibatistagj@joomla.org,Female,86.155.125.47
597,Giuseppe,Stoyell,gstoyellgk@google.com.au,Male,17.53.179.45
598,Geno,Gerbel,ggerbelgl@delicious.com,Male,82.199.15.167
599,Fay,Peddar,fpeddargm@alibaba.com,Bigender,190.135.10.247
600,Velvet,Beaford,vbeafordgn@virginia.edu,Female,41.138.161.30
601,Margaretta,Pountain,mpountaingo@hubpages.com,Female,231.80.111.172
602,Lazarus,Garatty,lgarattygp@altervista.org,Male,20.77.149.241
603,Munroe,Arnaldi,marnaldigq@storify.com,Male,227.107.160.243
604,Antonina,McKoy,amckoygr@php.net,Bigender,197.230.178.78
605,Giustino,Smyley,gsmyleygs@diigo.com,Male,183.93.82.55
606,Minnaminnie,Roj,mrojgt@networkadvertising.org,Female,68.84.6.32
607,Elonore,Prangle,epranglegu@hatena.ne.jp,Genderqueer,70.30.67.142
608,Noella,Stronack,nstronackgv@time.com,Female,79.87.98.188
609,Allyn,Loudian,aloudiangw@e-recht24.de,Male,136.221.244.240
610,Benedetto,Berns,bbernsgx@geocities.jp,Male,97.80.32.33
611,Eb,Calway,ecalwaygy@abc.net.au,Male,5.17.175.204
612,Nicko,Drake,ndrakegz@nifty.com,Male,14.7.218.17
613,Alexis,O'Doireidh,aodoireidhh0@ow.ly,Male,38.171.40.7
614,Agustin,Toretta,atorettah1@twitter.com,Male,128.51.42.105
615,Brade,Stilling,bstillingh2@wikimedia.org,Male,68.246.127.204
616,Rickie,Ruddy,rruddyh3@kickstarter.com,Male,183.156.161.214
617,Terrill,Sallnow,tsallnowh4@linkedin.com,Male,14.21.72.83
618,Nester,Brackstone,nbrackstoneh5@reddit.com,Male,204.70.195.226
619,Yoshi,Willishire,ywillishireh6@go.com,Female,60.60.78.143
620,Yoko,Russe,yrusseh7@aboutads.info,Female,18.145.16.223
621,Aguste,Verring,averringh8@unc.edu,Male,48.209.219.234
622,Manon,Ghidoli,mghidolih9@cdc.gov,Female,210.72.58.166
623,Skipper,Copland,scoplandha@go.com,Male,53.235.183.174
624,Felicdad,Ixer,fixerhb@mapy.cz,Female,56.241.76.226
625,Julius,Lapsley,jlapsleyhc@pen.io,Male,13.16.225.82
626,Nert,Hancorn,nhancornhd@mapy.cz,Female,38.150.241.32
627,Erma,Richt,erichthe@goo.ne.jp,Agender,130.36.176.195
628,Kass,Jerromes,kjerromeshf@gmpg.org,Female,45.47.153.57
629,Fleur,Rengger,frenggerhg@technorati.com,Female,73.68.227.163
630,Georgia,Jirek,gjirekhh@latimes.com,Female,101.9.132.199
631,Hilarius,Posten,hpostenhi@ask.com,Male,52.5.214.201
632,Dunc,Celli,dcellihj@fema.gov,Non-binary,218.201.104.89
633,Zarla,Aloway,zalowayhk@globo.com,Female,183.255.79.91
634,Alford,Pinkard,apinkardhl@youtu.be,Male,196.219.246.73
635,Sharlene,Sanney,ssanneyhm@comsenz.com,Female,120.62.102.113
636,Salvatore,La Batie,slabatiehn@photobucket.com,Male,132.57.32.137
637,Gaven,Fenney,gfenneyho@census.gov,Male,213.210.106.145
638,Fannie,Pavlishchev,fpavlishchevhp@freewebs.com,Female,251.216.45.28
639,Temp,Gantzman,tgantzmanhq@blogtalkradio.com,Agender,213.51.168.240
640,Pepi,Sprull,psprullhr@google.it,Female,43.1.111.218
641,Darcy,Walklott,dwalklotths@rambler.ru,Male,199.213.31.129
642,Yorgo,Jursch,yjurschht@blogs.com,Male,88.180.157.130
643,Shell,Wildey,swildeyhu@taobao.com,Male,136.75.112.190
644,Janene,MacMoyer,jmacmoyerhv@unesco.org,Female,112.41.227.75
645,Ruy,Hedan,rhedanhw@economist.com,Bigender,238.126.110.89
646,Dulce,Seabourne,dseabournehx@hp.com,Female,0.173.75.160
647,Rasla,Mackrill,rmackrillhy@bloglovin.com,Female,2.81.182.211
648,Cletus,Lough,cloughhz@bbc.co.uk,Non-binary,55.100.15.67
649,Xenos,Milson,xmilsoni0@comcast.net,Male,82.97.245.94
650,Stevana,Fawdry,sfawdryi1@histats.com,Female,23.90.204.8
651,Alida,Gasgarth,agasgarthi2@jimdo.com,Female,46.195.214.179
652,Leta,Southerell,lsoutherelli3@lulu.com,Female,187.88.83.193
653,Dallis,Cherrington,dcherringtoni4@yelp.com,Male,158.80.142.63
654,Demetria,Gosneye,dgosneyei5@mozilla.org,Female,201.82.110.58
655,Langsdon,Antyshev,lantyshevi6@bizjournals.com,Male,79.194.196.207
656,Tomkin,Caldicot,tcaldicoti7@prlog.org,Male,189.179.138.89
657,Archy,Hurring,ahurringi8@cbsnews.com,Male,141.63.252.10
658,Gardy,Hambrook,ghambrooki9@hexun.com,Male,4.30.65.108
659,Lucio,McUre,lmcureia@skyrock.com,Male,251.92.95.21
660,Gaby,Safont,gsafontib@blogtalkradio.com,Male,148.68.160.180
661,Curr,Dummer,cdummeric@live.com,Male,162.55.228.153
662,Chiquia,Whatson,cwhatsonid@who.int,Polygender,255.239.142.41
663,Hervey,O'Breen,hobreenie@wordpress.org,Male,7.27.68.109
664,Bealle,Gerald,bgeraldif@hp.com,Male,36.35.212.94
665,Flss,Romei,fromeiig@paginegialle.it,Female,210.140.132.62
666,Nahum,Kabisch,nkabischih@com.com,Male,143.72.113.142
667,Nolie,Carvilla,ncarvillaii@altervista.org,Female,53.118.103.140
668,Ernestine,Rockwell,erockwellij@icq.com,Female,183.151.189.165
669,Shane,Shakespear,sshakespearik@patch.com,Female,187.61.127.125
670,Costanza,Greensmith,cgreensmithil@google.es,Female,228.22.246.185
671,Goldina,Barge,gbargeim@php.net,Female,205.63.189.113
672,Gerri,Cromack,gcromackin@unc.edu,Female,253.233.45.13
673,Letizia,Kimmitt,lkimmittio@bloomberg.com,Female,187.177.181.217
674,L;urette,Hellings,lhellingsip@t-online.de,Female,120.1.77.40
675,Deedee,Fowells,dfowellsiq@elegantthemes.com,Female,116.184.255.178
676,Ronda,Clair,rclairir@google.cn,Female,201.28.110.182
677,Jenny,Saffill,jsaffillis@addtoany.com,Female,253.123.195.98
678,Lilli,Faussett,lfaussettit@ovh.net,Female,167.174.40.14
679,Thornie,Hayselden,thayseldeniu@mozilla.com,Male,234.123.125.199
680,Briano,Lowden,blowdeniv@theguardian.com,Male,10.240.47.128
681,Berne,Banasevich,bbanasevichiw@digg.com,Male,11.49.246.208
682,Heda,Pixton,hpixtonix@bbc.co.uk,Female,235.133.224.213
683,Temp,Woodwin,twoodwiniy@purevolume.com,Male,15.29.157.195
684,Lindsay,Justham,ljusthamiz@apple.com,Female,188.223.57.63
685,Artemus,Tamblingson,atamblingsonj0@flickr.com,Male,253.217.147.177
686,Sergeant,Radborn,sradbornj1@aol.com,Male,252.176.91.139
687,Corri,Prazor,cprazorj2@free.fr,Female,30.203.91.57
688,Sari,Timperley,stimperleyj3@drupal.org,Female,140.208.238.222
689,Erek,Dilley,edilleyj4@amazon.com,Male,197.220.31.176
690,Laetitia,Yanshonok,lyanshonokj5@fotki.com,Female,241.249.140.113
691,Bunny,Brea,bbreaj6@squidoo.com,Female,42.153.188.112
692,Arabella,Brodie,abrodiej7@java.com,Female,35.49.210.46
693,Nancy,Lillgard,nlillgardj8@springer.com,Female,7.92.245.21
694,Clarie,Luke,clukej9@myspace.com,Female,88.15.41.146
695,Mandi,Presdee,mpresdeeja@jugem.jp,Female,87.39.176.65
696,Giordano,Giorgio,ggiorgiojb@twitter.com,Male,242.6.25.24
697,Orelia,Aldwich,oaldwichjc@ask.com,Female,92.81.165.114
698,Darius,Colenutt,dcolenuttjd@umich.edu,Male,6.112.157.193
699,Yoshiko,Gascoyen,ygascoyenje@ehow.com,Female,195.182.204.112
700,Mohandis,Morston,mmorstonjf@uol.com.br,Male,86.107.46.56
701,Theodora,Brea,tbreajg@slideshare.net,Female,101.176.138.146
702,Dewain,Ghidoli,dghidolijh@shareasale.com,Genderfluid,147.135.234.102
703,Cindee,MacPeice,cmacpeiceji@newsvine.com,Female,193.118.237.121
704,Brady,McMichan,bmcmichanjj@booking.com,Male,220.178.9.161
705,Mic,Foskin,mfoskinjk@flickr.com,Male,121.56.131.174
706,Jorry,Trineman,jtrinemanjl@youtu.be,Non-binary,47.85.104.190
707,Demott,Van Geffen,dvangeffenjm@taobao.com,Male,214.152.144.104
708,Tedmund,Juden,tjudenjn@angelfire.com,Male,4.195.79.167
709,Viola,Nourse,vnoursejo@springer.com,Female,164.136.215.32
710,Drud,Reen,dreenjp@yolasite.com,Male,5.5.53.254
711,Darcie,Turtle,dturtlejq@microsoft.com,Female,219.77.73.78
712,Ivy,Spriggin,isprigginjr@who.int,Female,254.153.31.142
713,Gale,Fihelly,gfihellyjs@dropbox.com,Female,151.99.51.209
714,Carita,Faherty,cfahertyjt@hp.com,Female,10.44.114.91
715,Randie,Whiteland,rwhitelandju@wordpress.com,Male,6.209.181.171
716,Claire,Leythley,cleythleyjv@google.co.uk,Male,215.113.106.108
717,Stuart,Scrivner,sscrivnerjw@freewebs.com,Male,23.228.86.250
718,Herbie,Pauwel,hpauweljx@tumblr.com,Male,93.52.85.96
719,Mortimer,McAvin,mmcavinjy@sakura.ne.jp,Genderqueer,18.67.189.107
720,Riordan,Keilloh,rkeillohjz@sitemeter.com,Male,200.202.8.67
721,Bethanne,Cowlam,bcowlamk0@gmpg.org,Female,21.223.230.245
722,Anjela,Lorey,aloreyk1@blogger.com,Female,55.13.131.173
723,Esther,Crease,ecreasek2@elegantthemes.com,Female,231.184.119.200
724,Welch,Gerardot,wgerardotk3@google.fr,Male,86.245.214.202
725,Mimi,Tonks,mtonksk4@twitter.com,Female,118.247.70.236
726,Else,Bruntje,ebruntjek5@huffingtonpost.com,Polygender,208.72.104.246
727,Meagan,MacPaike,mmacpaikek6@dyndns.org,Female,132.78.213.187
728,Iago,Coetzee,icoetzeek7@businesswire.com,Male,64.193.34.26
729,Dulcea,Gouge,dgougek8@imdb.com,Female,216.86.32.221
730,Yorker,Cass,ycassk9@sina.com.cn,Male,252.198.38.34
731,Erv,Stoker,estokerka@biblegateway.com,Male,85.48.18.245
732,Faber,de Savery,fdesaverykb@nytimes.com,Male,5.73.24.8
733,Raina,Boycott,rboycottkc@skype.com,Female,182.230.13.28
734,Ursa,Jambrozek,ujambrozekkd@nba.com,Non-binary,132.167.177.81
735,Symon,Strothers,sstrotherske@ezinearticles.com,Male,80.5.106.148
736,Tallou,Parell,tparellkf@rakuten.co.jp,Female,239.53.176.55
737,Jen,Parvin,jparvinkg@irs.gov,Female,152.27.172.116
738,Kenton,Kevern,kkevernkh@goodreads.com,Male,104.52.162.96
739,Audy,Vassbender,avassbenderki@stumbleupon.com,Female,251.16.134.110
740,Jules,Fleg,jflegkj@chicagotribune.com,Male,77.128.22.138
741,Duffie,Widdowson,dwiddowsonkk@cafepress.com,Male,109.104.69.179
742,Trenna,Fawltey,tfawlteykl@amazon.com,Female,84.12.50.98
743,Parrnell,Preston,pprestonkm@adobe.com,Male,202.58.32.19
744,Baird,Have,bhavekn@cafepress.com,Male,195.233.189.99
745,Dallas,Jurca,djurcako@github.io,Female,81.143.222.15
746,Zola,Covotto,zcovottokp@blinklist.com,Female,138.106.25.90
747,Yvor,Ruzek,yruzekkq@guardian.co.uk,Male,0.124.187.164
748,Adriaens,Allmond,aallmondkr@uiuc.edu,Female,219.117.33.37
749,Martyn,Robillard,mrobillardks@huffingtonpost.com,Male,133.193.241.101
750,Coleen,Raycroft,craycroftkt@w3.org,Female,73.129.226.68
751,Mateo,Rumble,mrumbleku@globo.com,Male,154.209.188.203
752,Irvin,Brislen,ibrislenkv@intel.com,Male,233.202.144.215
753,Blayne,Behne,bbehnekw@usda.gov,Male,28.161.180.238
754,Karissa,Levett,klevettkx@t.co,Female,184.68.240.47
755,Ardra,McMackin,amcmackinky@delicious.com,Female,110.33.130.209
756,Cordi,Mowles,cmowleskz@harvard.edu,Female,248.239.117.108
757,Zuzana,Dwire,zdwirel0@reference.com,Female,141.158.22.82
758,Cosimo,Martignon,cmartignonl1@oracle.com,Male,111.48.22.133
759,Wainwright,Stut,wstutl2@lycos.com,Male,196.174.140.145
760,Halley,Sivil,hsivill3@bbc.co.uk,Female,255.159.250.209
761,Isacco,McKinnon,imckinnonl4@google.ca,Male,155.155.105.49
762,Wash,Freke,wfrekel5@reverbnation.com,Bigender,175.41.97.18
763,Sutherland,Liccardo,sliccardol6@unc.edu,Male,208.240.121.41
764,Cleveland,Dubois,cduboisl7@sourceforge.net,Male,160.16.65.176
765,Rogerio,Filipyev,rfilipyevl8@cyberchimps.com,Male,187.27.187.238
766,Neel,Arnaudet,narnaudetl9@howstuffworks.com,Male,133.223.240.198
767,Creigh,Ney,cneyla@quantcast.com,Genderqueer,251.174.133.200
768,Wenda,Lindelof,wlindeloflb@biblegateway.com,Female,87.49.224.8
769,Hershel,Jarry,hjarrylc@youtube.com,Male,148.121.85.216
770,Brannon,Yourell,byourellld@sciencedirect.com,Male,75.23.1.148
771,Yvor,Jacquest,yjacquestle@gravatar.com,Male,87.21.243.38
772,Peyter,Cloonan,pcloonanlf@smh.com.au,Male,132.23.91.206
773,Jackson,Date,jdatelg@parallels.com,Male,217.84.68.213
774,Abran,Eburah,aeburahlh@chronoengine.com,Male,207.183.7.171
775,Rodrique,Simonitto,rsimonittoli@sohu.com,Male,80.30.173.45
776,Jens,Godmar,jgodmarlj@chron.com,Male,112.171.193.34
777,Hendrik,Camplejohn,hcamplejohnlk@symantec.com,Male,140.248.47.154
778,Faun,Ranfield,franfieldll@youtube.com,Female,65.17.253.246
779,Romonda,Raubenheim,rraubenheimlm@diigo.com,Female,158.52.201.63
780,Patricia,Wessel,pwesselln@fotki.com,Female,27.200.8.122
781,Saxon,Conibear,sconibearlo@xinhuanet.com,Male,34.164.81.24
782,Marshal,Schlag,mschlaglp@altervista.org,Male,218.193.124.200
783,Luis,Spenceley,lspenceleylq@rakuten.co.jp,Male,224.105.128.52
784,Pavla,Pantin,ppantinlr@wikipedia.org,Female,131.244.210.189
785,Pandora,Pedrocco,ppedroccols@amazon.com,Female,208.104.4.164
786,Audrie,Kitlee,akitleelt@cdc.gov,Female,105.220.199.242
787,Marchall,Bolzen,mbolzenlu@uiuc.edu,Male,242.163.175.235
788,Nathalia,Sebastian,nsebastianlv@domainmarket.com,Female,140.24.12.147
789,Kippie,Aireton,kairetonlw@smh.com.au,Male,131.164.4.24
790,Lamar,Hanhardt,lhanhardtlx@paypal.com,Male,30.67.85.37
791,Lindsay,Comberbach,lcomberbachly@free.fr,Male,169.253.116.112
792,Darryl,Kahane,dkahanelz@bizjournals.com,Male,80.127.165.191
793,Kipp,Shepeard,kshepeardm0@homestead.com,Male,52.41.254.215
794,Norris,Blaszkiewicz,nblaszkiewiczm1@booking.com,Male,167.161.250.184
795,Thurstan,Tuxwell,ttuxwellm2@cam.ac.uk,Male,53.21.132.156
796,Lorrie,Ead,leadm3@cpanel.net,Female,62.87.137.160
797,Eachelle,Danovich,edanovichm4@who.int,Female,74.4.169.115
798,Serene,Prahm,sprahmm5@ameblo.jp,Female,53.79.106.138
799,Margie,Hebard,mhebardm6@example.com,Polygender,107.168.112.208
800,Juan,Hallam,jhallamm7@mashable.com,Male,211.146.185.76
801,Elicia,Kegley,ekegleym8@pinterest.com,Female,52.45.233.38
802,Alberik,Pedrazzi,apedrazzim9@surveymonkey.com,Male,140.141.19.189
803,Thorndike,Bethell,tbethellma@mayoclinic.com,Male,149.168.138.174
804,Brew,Whardley,bwhardleymb@pcworld.com,Genderqueer,29.160.241.156
805,Francklyn,Zettoi,fzettoimc@php.net,Male,253.12.189.77
806,Adriena,Shields,ashieldsmd@seattletimes.com,Female,131.119.20.200
807,Gabriela,Wildbore,gwildboreme@amazon.com,Female,231.53.191.254
808,Rodd,Jacquemard,rjacquemardmf@google.es,Male,28.250.200.47
809,Burgess,Francescuzzi,bfrancescuzzimg@desdev.cn,Male,106.154.151.62
810,Aveline,Rilton,ariltonmh@furl.net,Female,230.198.61.111
811,Adda,Taillant,ataillantmi@businessinsider.com,Genderfluid,110.31.57.106
812,Deborah,Tonsley,dtonsleymj@deviantart.com,Female,21.210.48.87
813,Pinchas,Astles,pastlesmk@wp.com,Male,159.161.190.220
814,Koralle,Ludovico,kludovicoml@sina.com.cn,Female,91.189.73.139
815,Cecil,Vicar,cvicarmm@rakuten.co.jp,Male,9.208.242.3
816,Roseline,Koppelmann,rkoppelmannmn@1688.com,Female,98.20.70.203
817,Karina,Kennion,kkennionmo@example.com,Female,19.140.250.189
818,Teddie,Marchbank,tmarchbankmp@google.it,Female,48.171.200.114
819,Raf,Marioneau,rmarioneaumq@sitemeter.com,Female,34.122.138.90
820,Aryn,Sarfat,asarfatmr@hubpages.com,Agender,243.191.120.254
821,Basil,Landes,blandesms@wp.com,Male,91.101.194.122
822,Tobiah,Sale,tsalemt@yellowbook.com,Male,106.235.211.23
823,Mannie,Carnie,mcarniemu@google.ca,Male,14.8.103.134
824,Jaclin,Nickoll,jnickollmv@wsj.com,Female,28.141.250.211
825,Mirabella,Winchcum,mwinchcummw@jalbum.net,Female,227.122.212.4
826,Wallache,Fallowes,wfallowesmx@cisco.com,Male,138.29.229.111
827,Halie,Thairs,hthairsmy@ehow.com,Female,114.106.227.227
828,Artus,Bancroft,abancroftmz@dyndns.org,Male,201.171.137.180
829,Laurens,Poundford,lpoundfordn0@buzzfeed.com,Male,240.136.186.7
830,Derward,Burchall,dburchalln1@sakura.ne.jp,Male,59.106.50.128
831,Rayner,Chaddock,rchaddockn2@weibo.com,Male,246.214.118.175
832,Callie,Hawtin,chawtinn3@sogou.com,Female,182.53.229.90
833,Alan,McLennan,amclennann4@redcross.org,Male,214.2.236.124
834,Renie,Niles,rnilesn5@mtv.com,Female,51.150.109.224
835,Raff,Gabites,rgabitesn6@theatlantic.com,Male,223.101.12.103
836,Sheila,Kuhne,skuhnen7@macromedia.com,Female,163.98.53.204
837,Imelda,Dufton,iduftonn8@usgs.gov,Female,137.244.24.129
838,Berti,Romanet,bromanetn9@studiopress.com,Genderfluid,63.26.113.62
839,Goldina,Byart,gbyartna@geocities.jp,Bigender,154.0.145.37
840,Ophelie,Nono,onononb@taobao.com,Female,91.7.199.16
841,Mirabelle,Hendrich,mhendrichnc@wiley.com,Female,115.190.156.170
842,Nertie,Mussington,nmussingtonnd@slashdot.org,Female,207.25.217.109
843,Rica,Anstee,ransteene@quantcast.com,Female,80.238.9.162
844,Harriet,Noen,hnoennf@plala.or.jp,Female,247.192.70.235
845,Claretta,Kaufman,ckaufmanng@moonfruit.com,Female,95.235.85.225
846,Angel,Faughnan,afaughnannh@ihg.com,Male,246.191.1.153
847,Layney,Rainon,lrainonni@youku.com,Female,164.241.89.108
848,Ardath,McGinley,amcginleynj@nifty.com,Female,147.71.80.235
849,Shanda,Fouch,sfouchnk@home.pl,Female,40.49.153.223
850,Beauregard,Wakenshaw,bwakenshawnl@seesaa.net,Male,187.100.144.111
851,Verney,Street,vstreetnm@bloglines.com,Male,201.157.119.71
852,Riobard,Addey,raddeynn@boston.com,Agender,204.18.185.29
853,Horton,Flitcroft,hflitcroftno@dot.gov,Male,127.161.37.107
854,Charla,Marshallsay,cmarshallsaynp@ihg.com,Female,249.44.140.239
855,Celinka,MacArdle,cmacardlenq@lycos.com,Female,161.34.128.166
856,Antoine,Stentiford,astentifordnr@360.cn,Male,196.48.126.213
857,Andy,Bellows,abellowsns@fastcompany.com,Male,0.206.82.216
858,Cristine,Abyss,cabyssnt@cnn.com,Female,177.59.110.61
859,Loydie,Goodfellow,lgoodfellownu@sbwire.com,Male,194.224.197.219
860,Quent,Korous,qkorousnv@jiathis.com,Male,108.117.72.136
861,Chelsea,Lammert,clammertnw@archive.org,Polygender,183.97.96.222
862,Chester,Godding,cgoddingnx@360.cn,Male,61.234.121.155
863,Yank,Worlidge,yworlidgeny@purevolume.com,Male,224.150.213.80
864,Junie,Broodes,jbroodesnz@goo.ne.jp,Female,127.7.206.132
865,Verney,Benasik,vbenasiko0@alibaba.com,Bigender,231.163.173.86
866,Kamillah,Harriskine,kharriskineo1@dailymotion.com,Female,231.189.210.105
867,Milt,Coward,mcowardo2@answers.com,Male,220.183.214.185
868,Dreddy,Origan,dorigano3@gmpg.org,Female,247.104.115.53
869,Quentin,Hurll,qhurllo4@irs.gov,Male,170.166.106.124
870,Nealon,Casson,ncassono5@admin.ch,Male,83.127.188.149
871,Bart,Fallow,bfallowo6@icq.com,Male,117.63.65.56
872,Kristan,Wiggington,kwiggingtono7@boston.com,Female,237.140.19.103
873,Jerrome,Laise,jlaiseo8@pbs.org,Male,202.96.149.19
874,Constancy,Croasdale,ccroasdaleo9@deviantart.com,Female,165.189.27.116
875,Carson,Drewitt,cdrewittoa@google.nl,Male,157.136.67.245
876,Sebastian,Marryatt,smarryattob@disqus.com,Male,26.254.147.246
877,Hamlin,Dominguez,hdominguezoc@addtoany.com,Male,0.65.31.67
878,Fairfax,Kindleside,fkindlesideod@usatoday.com,Male,98.100.190.48
879,Norry,Massinger,nmassingeroe@shinystat.com,Male,203.168.217.152
880,Alis,Whiterod,awhiterodof@a8.net,Female,68.104.183.50
881,Hirsch,McCowen,hmccowenog@free.fr,Male,111.194.79.240
882,Simone,Ziemecki,sziemeckioh@who.int,Polygender,220.102.98.92
883,Corina,Janku,cjankuoi@arstechnica.com,Female,18.146.254.4
884,Nancy,Wisam,nwisamoj@issuu.com,Agender,202.92.116.65
885,Dillie,Crain,dcrainok@alexa.com,Non-binary,242.193.0.3
886,Sabina,Breadon,sbreadonol@nih.gov,Female,121.135.132.112
887,Lucille,Croome,lcroomeom@huffingtonpost.com,Female,250.27.157.234
888,Ainsley,Tappor,atapporon@house.gov,Female,102.69.100.173
889,Cordy,Hargraves,chargravesoo@friendfeed.com,Male,65.99.110.62
890,Stephanus,Huetson,shuetsonop@blog.com,Male,46.55.176.44
891,Nestor,Robshaw,nrobshawoq@google.com.br,Male,224.76.125.243
892,Brian,Foard,bfoardor@skyrock.com,Male,131.59.194.102
893,Leese,Tabb,ltabbos@cbc.ca,Female,87.110.133.76
894,Yvette,Aitken,yaitkenot@wsj.com,Genderqueer,170.176.235.215
895,Benton,Story,bstoryou@tripod.com,Male,241.28.215.6
896,Benedicto,Swaden,bswadenov@china.com.cn,Male,81.181.236.106
897,Kassey,Marklund,kmarklundow@etsy.com,Female,171.145.145.255
898,Kevan,Chaperlin,kchaperlinox@fotki.com,Male,130.125.86.127
899,Allistir,Alejandre,aalejandreoy@hexun.com,Male,70.22.147.168
900,Brear,Eustanch,beustanchoz@sina.com.cn,Female,53.152.180.55
901,Godwin,Weddell,gweddellp0@livejournal.com,Male,35.130.41.185
902,Mollee,Klimuk,mklimukp1@bluehost.com,Female,174.238.255.65
903,Corrina,Rodrigo,crodrigop2@sohu.com,Female,77.44.81.162
904,Lorenzo,Padgham,lpadghamp3@fc2.com,Male,120.35.97.20
905,Lorenza,Grzeskowski,lgrzeskowskip4@shutterfly.com,Female,167.228.42.224
906,Bennie,Rogan,broganp5@diigo.com,Female,28.110.206.26
907,Guillermo,Bresman,gbresmanp6@free.fr,Male,203.89.97.27
908,Jeri,Parkey,jparkeyp7@skype.com,Female,165.160.69.70
909,Herbert,Scrinage,hscrinagep8@tinyurl.com,Male,77.191.24.133
910,Danyette,Cartmale,dcartmalep9@biblegateway.com,Polygender,78.135.33.191
911,Agace,Baumann,abaumannpa@deviantart.com,Female,16.53.19.11
912,Ronna,Manion,rmanionpb@hud.gov,Polygender,120.137.212.50
913,Lita,Ravenhills,lravenhillspc@netscape.com,Female,214.151.203.19
914,Marten,Likely,mlikelypd@patch.com,Male,73.218.188.67
915,Towney,Godon,tgodonpe@auda.org.au,Male,212.13.47.108
916,Chaim,Joyes,cjoyespf@wikipedia.org,Male,64.118.203.12
917,Rycca,Pepon,rpeponpg@nih.gov,Female,34.6.43.97
918,Jarred,Rozanski,jrozanskiph@msu.edu,Male,71.57.103.107
919,Kingston,Albion,kalbionpi@engadget.com,Male,228.60.255.127
920,Gasparo,Biskup,gbiskuppj@loc.gov,Male,172.154.1.23
921,Billie,Kauble,bkaublepk@webmd.com,Male,100.248.17.155
922,Caryn,Colbridge,ccolbridgepl@hhs.gov,Female,67.50.217.30
923,Gerrie,Diament,gdiamentpm@globo.com,Male,161.64.50.62
924,Guglielmo,Bourrel,gbourrelpn@indiatimes.com,Male,146.209.84.228
925,Donnie,Josephoff,djosephoffpo@friendfeed.com,Male,250.220.26.235
926,Maitilde,Szymonwicz,mszymonwiczpp@lycos.com,Female,194.230.137.72
927,Danyette,Southey,dsoutheypq@columbia.edu,Female,177.101.249.18
928,Burt,Baglin,bbaglinpr@joomla.org,Male,252.120.212.183
929,Mendy,Binney,mbinneyps@yellowpages.com,Male,139.37.3.26
930,Constantine,Connerly,cconnerlypt@php.net,Male,163.55.219.217
931,Erasmus,Smethurst,esmethurstpu@flavors.me,Male,129.122.119.97
932,Peg,Keinrat,pkeinratpv@skyrock.com,Female,168.250.188.130
933,Agna,Haime,ahaimepw@ifeng.com,Female,18.74.207.234
934,Gillian,Gaspard,ggaspardpx@51.la,Female,147.152.233.98
935,Kenna,Donaghie,kdonaghiepy@ted.com,Female,233.158.83.248
936,Sophi,Fedoronko,sfedoronkopz@independent.co.uk,Female,98.45.138.142
937,Doro,Gamon,dgamonq0@domainmarket.com,Female,246.21.114.158
938,Corly,Coushe,ccousheq1@theglobeandmail.com,Female,18.103.245.94
939,Jamil,Lamond,jlamondq2@xinhuanet.com,Male,67.31.58.64
940,Giordano,Sparkwill,gsparkwillq3@businessinsider.com,Male,106.40.201.238
941,Andriette,Castells,acastellsq4@mail.ru,Female,222.180.14.27
942,Bradly,Fonte,bfonteq5@army.mil,Male,4.124.39.5
943,Katherine,Clemanceau,kclemanceauq6@google.ca,Female,130.3.6.223
944,Riley,Harford,rharfordq7@php.net,Male,75.243.79.163
945,Gottfried,Fullerlove,gfullerloveq8@slashdot.org,Male,198.93.212.134
946,Leticia,Findlater,lfindlaterq9@weebly.com,Female,199.167.31.123
947,Cristobal,Spedding,cspeddingqa@europa.eu,Male,35.91.57.146
948,Amalle,Bilbee,abilbeeqb@noaa.gov,Female,99.164.218.245
949,Jennifer,Penticost,jpenticostqc@pbs.org,Female,221.27.220.10
950,Kirbee,Dulwich,kdulwichqd@wp.com,Female,96.135.223.128
951,Joyan,Hardisty,jhardistyqe@google.de,Female,237.244.42.139
952,Bevin,Hotson,bhotsonqf@google.com.br,Male,134.154.204.15
953,Mattias,Gathercoal,mgathercoalqg@wordpress.com,Male,140.123.2.248
954,Merwin,Krzysztofiak,mkrzysztofiakqh@networksolutions.com,Male,29.118.214.139
955,Boy,Reubens,breubensqi@ucoz.com,Male,144.214.210.126
956,D'arcy,Scowen,dscowenqj@geocities.com,Male,46.2.214.63
957,Alford,Gutridge,agutridgeqk@indiegogo.com,Male,240.254.79.142
958,Ericka,Annandale,eannandaleql@berkeley.edu,Female,203.39.241.153
959,Hughie,Ugo,hugoqm@nyu.edu,Male,14.153.230.51
960,Gherardo,Dockrell,gdockrellqn@apache.org,Male,77.117.253.56
961,Bendicty,Peet,bpeetqo@sina.com.cn,Male,56.33.69.197
962,Cord,Pears,cpearsqp@a8.net,Genderfluid,57.203.57.101
963,Dewain,Lynam,dlynamqq@walmart.com,Male,106.64.43.44
964,Ofella,McTerrelly,omcterrellyqr@hc360.com,Non-binary,253.190.76.141
965,Lanie,Felgat,lfelgatqs@fema.gov,Male,40.51.36.134
966,Jaimie,Conyer,jconyerqt@fema.gov,Bigender,198.122.128.136
967,Kip,Dalyiel,kdalyielqu@pcworld.com,Female,245.15.236.227
968,Lind,Jenks,ljenksqv@marriott.com,Female,255.154.197.50
969,Odelinda,Mercey,omerceyqw@samsung.com,Female,102.207.49.201
970,Ree,Skoughman,rskoughmanqx@stumbleupon.com,Female,191.205.251.225
971,Amara,Parham,aparhamqy@answers.com,Female,83.3.12.71
972,Germain,Swales,gswalesqz@biblegateway.com,Female,210.52.207.100
973,Shayne,Feavearyear,sfeavearyearr0@epa.gov,Male,102.240.7.58
974,Cleopatra,Goretti,cgorettir1@va.gov,Female,19.36.62.145
975,Kerrin,Wayper,kwayperr2@prweb.com,Female,90.106.208.128
976,Clarey,Bawle,cbawler3@va.gov,Female,203.226.2.202
977,Ernestine,Boise,eboiser4@php.net,Female,186.188.134.81
978,Neilla,Kirtland,nkirtlandr5@wp.com,Bigender,0.116.234.53
979,Shannan,Smoote,ssmooter6@hatena.ne.jp,Male,243.159.194.231
980,Randell,Henrichsen,rhenrichsenr7@npr.org,Male,0.65.100.112
981,Leesa,Skelhorn,lskelhornr8@ask.com,Female,205.142.3.123
982,Roze,Goodall,rgoodallr9@rediff.com,Female,53.177.71.154
983,Sue,Manshaw,smanshawra@flickr.com,Female,98.143.86.181
984,Kinna,McGinney,kmcginneyrb@so-net.ne.jp,Female,33.118.5.188
985,Selma,Ainger,saingerrc@oracle.com,Female,56.243.56.32
986,Jessika,Eddicott,jeddicottrd@hc360.com,Bigender,200.0.173.76
987,Averill,Leppard,aleppardre@tinypic.com,Male,187.253.251.245
988,Sharity,Frangleton,sfrangletonrf@mac.com,Female,76.150.74.228
989,Loy,Kolak,lkolakrg@surveymonkey.com,Male,117.128.118.250
990,Merrill,Idenden,midendenrh@icq.com,Female,100.112.198.136
991,Shae,Schollar,sschollarri@nbcnews.com,Male,214.83.10.65
992,Duncan,Eary,dearyrj@umich.edu,Male,164.156.63.158
993,Esmaria,Castagnier,ecastagnierrk@shareasale.com,Female,208.108.39.103
994,Adriena,McMullen,amcmullenrl@prlog.org,Female,36.33.42.172
995,Simona,Keave,skeaverm@mac.com,Female,102.55.42.64
996,Jessalyn,Roseveare,jrosevearern@is.gd,Female,90.216.41.7
997,Almire,Burds,aburdsro@google.pl,Genderqueer,139.39.240.140
998,Mellisent,I'anson,miansonrp@discovery.com,Female,194.167.137.203
999,Rick,McLaren,rmclarenrq@vistaprint.com,Male,118.64.150.204
1000,Quintus,Sans,qsansrr@taobao.com,Male,47.19.155.88
